IslandName,OuterIsland_LOS
1. GAUA,2
1. GAUA,3
1. GAUA,5
1. GAUA,2
1. GAUA,2
1. GAUA,6
1. GAUA,4
1. GAUA,3
1. GAUA,2
3. KWAKEA,5
3. KWAKEA,0
3. KWAKEA,5
10. MOTALAVA,5
10. MOTALAVA,5
10. MOTALAVA,0
10. MOTALAVA,0
10. MOTALAVA,5
11. RAH,4
11. RAH,2
11. RAH,4
11. RAH,10
11. RAH,2
11. RAH,5
15. UREPARAPARA,2
16. VANUALAVA,0
16. VANUALAVA,2
16. VANUALAVA,0
18. AORE,3
18. AORE,4
18. AORE,10
18. AORE,10
18. AORE,6
18. AORE,6
18. AORE,4
18. AORE,10
18. AORE,6
18. AORE,10
18. AORE,6
18. AORE,0
18. AORE,3
18. AORE,8
18. AORE,2
18. AORE,4
18. AORE,0
18. AORE,4
18. AORE,4
18. AORE,6
18. AORE,6
18. AORE,2
18. AORE,5
18. AORE,3
18. AORE,3
18. AORE,4
18. AORE,0
18. AORE,8
18. AORE,5
18. AORE,4
18. AORE,6
18. AORE,3
18. AORE,8
18. AORE,10
18. AORE,4
18. AORE,8
18. AORE,3
18. AORE,5
18. AORE,4
18. AORE,5
20. BOKISSA,9
24. MALO,2
24. MALO,2
24. MALO,0
27. MAVEA,2
27. MAVEA,2
28. RATUA,3
28. RATUA,5
28. RATUA,2
28. RATUA,4
28. RATUA,0
28. RATUA,7
28. RATUA,7
28. RATUA,3
28. RATUA,5
28. RATUA,4
28. RATUA,4
28. RATUA,5
28. RATUA,0
28. RATUA,4
28. RATUA,1
28. RATUA,5
28. RATUA,0
29. SANTO,7
29. SANTO,3
29. SANTO,12
29. SANTO,6
29. SANTO,4
29. SANTO,0
29. SANTO,1
29. SANTO,5
29. SANTO,5
29. SANTO,2
29. SANTO,2
29. SANTO,10
29. SANTO,5
29. SANTO,6
29. SANTO,5
29. SANTO,7
29. SANTO,4
29. SANTO,4
29. SANTO,2
29. SANTO,2
29. SANTO,2
29. SANTO,11
29. SANTO,3
29. SANTO,0
29. SANTO,12
29. SANTO,5
29. SANTO,0
29. SANTO,4
29. SANTO,6
29. SANTO,7
29. SANTO,3
29. SANTO,5
29. SANTO,6
29. SANTO,6
29. SANTO,7
29. SANTO,7
29. SANTO,180
29. SANTO,13
29. SANTO,1
29. SANTO,1
29. SANTO,1
29. SANTO,5
29. SANTO,7
29. SANTO,3
29. SANTO,3
29. SANTO,8
29. SANTO,2
29. SANTO,0
29. SANTO,0
29. SANTO,5
29. SANTO,17
29. SANTO,3
29. SANTO,8
29. SANTO,9
29. SANTO,5
29. SANTO,2
29. SANTO,7
29. SANTO,6
29. SANTO,3
29. SANTO,2
29. SANTO,5
29. SANTO,3
29. SANTO,0
29. SANTO,8
29. SANTO,2
29. SANTO,7
29. SANTO,5
29. SANTO,5
29. SANTO,1
29. SANTO,2
29. SANTO,2
29. SANTO,6
29. SANTO,0
29. SANTO,3
29. SANTO,0
29. SANTO,7
29. SANTO,0
29. SANTO,1
29. SANTO,6
29. SANTO,7
29. SANTO,5
29. SANTO,4
29. SANTO,5
29. SANTO,5
29. SANTO,5
29. SANTO,8
29. SANTO,6
29. SANTO,2
29. SANTO,2
29. SANTO,4
29. SANTO,8
29. SANTO,80
29. SANTO,80
29. SANTO,3
29. SANTO,5
29. SANTO,6
29. SANTO,1
29. SANTO,6
29. SANTO,5
29. SANTO,2
29. SANTO,0
29. SANTO,2
29. SANTO,16
29. SANTO,16
29. SANTO,13
29. SANTO,9
29. SANTO,15
29. SANTO,3
29. SANTO,8
29. SANTO,0
29. SANTO,4
29. SANTO,4
29. SANTO,0
29. SANTO,2
29. SANTO,12
29. SANTO,5
29. SANTO,4
29. SANTO,3
29. SANTO,2
29. SANTO,7
29. SANTO,9
29. SANTO,3
29. SANTO,30
29. SANTO,5
29. SANTO,2
29. SANTO,4
29. SANTO,30
29. SANTO,0
29. SANTO,10
29. SANTO,6
29. SANTO,6
29. SANTO,3
29. SANTO,4
29. SANTO,4
29. SANTO,9
29. SANTO,2
29. SANTO,7
29. SANTO,7
29. SANTO,0
29. SANTO,4
29. SANTO,4
29. SANTO,4
29. SANTO,5
29. SANTO,9
29. SANTO,9
29. SANTO,2
29. SANTO,9
29. SANTO,2
29. SANTO,5
29. SANTO,4
29. SANTO,4
29. SANTO,4
29. SANTO,6
29. SANTO,4
29. SANTO,4
29. SANTO,4
29. SANTO,2
29. SANTO,3
29. SANTO,4
29. SANTO,2
29. SANTO,0
29. SANTO,0
29. SANTO,2
29. SANTO,4
29. SANTO,2
29. SANTO,7
29. SANTO,3
29. SANTO,4
29. SANTO,5
29. SANTO,5
29. SANTO,6
29. SANTO,6
29. SANTO,7
29. SANTO,3
29. SANTO,3
29. SANTO,3
29. SANTO,6
29. SANTO,8
29. SANTO,4
29. SANTO,4
29. SANTO,7
29. SANTO,7
29. SANTO,6
29. SANTO,12
29. SANTO,4
29. SANTO,4
29. SANTO,7
29. SANTO,4
29. SANTO,7
29. SANTO,4
29. SANTO,1
29. SANTO,1
29. SANTO,5
29. SANTO,3
29. SANTO,3
29. SANTO,6
29. SANTO,8
29. SANTO,10
29. SANTO,7
29. SANTO,4
29. SANTO,5
29. SANTO,5
29. SANTO,4
29. SANTO,3
29. SANTO,16
29. SANTO,3
29. SANTO,8
29. SANTO,8
29. SANTO,5
29. SANTO,7
29. SANTO,10
29. SANTO,4
29. SANTO,40
29. SANTO,4
29. SANTO,7
29. SANTO,2
29. SANTO,3
29. SANTO,17
29. SANTO,5
29. SANTO,5
29. SANTO,1
29. SANTO,0
29. SANTO,0
29. SANTO,9
29. SANTO,1
29. SANTO,3
29. SANTO,10
29. SANTO,3
29. SANTO,6
29. SANTO,10
29. SANTO,5
29. SANTO,9
29. SANTO,5
29. SANTO,8
29. SANTO,9
29. SANTO,9
29. SANTO,8
29. SANTO,1
29. SANTO,9
29. SANTO,6
29. SANTO,5
29. SANTO,5
29. SANTO,4
29. SANTO,5
29. SANTO,4
29. SANTO,60
29. SANTO,3
29. SANTO,1
29. SANTO,80
29. SANTO,1
29. SANTO,6
29. SANTO,28
29. SANTO,4
29. SANTO,3
29. SANTO,6
29. SANTO,3
29. SANTO,1
29. SANTO,2
29. SANTO,2
29. SANTO,3
29. SANTO,4
29. SANTO,8
29. SANTO,13
29. SANTO,4
29. SANTO,4
29. SANTO,3
29. SANTO,3
29. SANTO,5
29. SANTO,1
29. SANTO,2
29. SANTO,7
29. SANTO,3
29. SANTO,16
29. SANTO,12
29. SANTO,6
29. SANTO,4
29. SANTO,2
29. SANTO,0
29. SANTO,4
29. SANTO,0
29. SANTO,0
29. SANTO,3
29. SANTO,5
29. SANTO,6
29. SANTO,3
29. SANTO,2
29. SANTO,2
29. SANTO,1
29. SANTO,5
29. SANTO,3
29. SANTO,11
29. SANTO,18
29. SANTO,0
29. SANTO,3
29. SANTO,1
29. SANTO,0
29. SANTO,6
29. SANTO,0
29. SANTO,2
29. SANTO,10
29. SANTO,7
29. SANTO,10
29. SANTO,10
29. SANTO,3
29. SANTO,5
29. SANTO,2
29. SANTO,4
29. SANTO,4
29. SANTO,4
29. SANTO,4
29. SANTO,2
29. SANTO,5
29. SANTO,3
29. SANTO,0
29. SANTO,0
29. SANTO,3
29. SANTO,2
29. SANTO,5
29. SANTO,5
29. SANTO,7
29. SANTO,4
29. SANTO,4
29. SANTO,4
29. SANTO,4
29. SANTO,5
29. SANTO,5
29. SANTO,4
29. SANTO,4
29. SANTO,2
29. SANTO,2
29. SANTO,3
29. SANTO,2
29. SANTO,4
29. SANTO,6
29. SANTO,4
29. SANTO,5
29. SANTO,5
29. SANTO,0
29. SANTO,12
29. SANTO,3
29. SANTO,22
29. SANTO,3
29. SANTO,0
29. SANTO,6
29. SANTO,3
29. SANTO,3
29. SANTO,4
29. SANTO,6
29. SANTO,13
29. SANTO,6
29. SANTO,3
29. SANTO,4
29. SANTO,4
29. SANTO,1
29. SANTO,1
29. SANTO,7
29. SANTO,4
29. SANTO,4
29. SANTO,1
29. SANTO,4
29. SANTO,3
29. SANTO,3
29. SANTO,0
29. SANTO,6
29. SANTO,3
29. SANTO,5
29. SANTO,5
29. SANTO,5
29. SANTO,1
29. SANTO,5
29. SANTO,8
29. SANTO,8
29. SANTO,2
29. SANTO,6
29. SANTO,3
29. SANTO,3
29. SANTO,4
29. SANTO,4
29. SANTO,16
29. SANTO,5
29. SANTO,4
29. SANTO,4
29. SANTO,6
29. SANTO,3
29. SANTO,0
29. SANTO,60
29. SANTO,2
29. SANTO,5
29. SANTO,6
29. SANTO,21
29. SANTO,5
29. SANTO,0
29. SANTO,3
29. SANTO,6
29. SANTO,5
29. SANTO,5
29. SANTO,2
29. SANTO,8
29. SANTO,9
29. SANTO,0
29. SANTO,3
29. SANTO,80
29. SANTO,4
29. SANTO,3
29. SANTO,2
29. SANTO,4
29. SANTO,4
29. SANTO,8
29. SANTO,7
29. SANTO,5
29. SANTO,6
29. SANTO,1
29. SANTO,3
29. SANTO,5
29. SANTO,1
29. SANTO,3
29. SANTO,6
29. SANTO,8
29. SANTO,0
29. SANTO,4
29. SANTO,4
29. SANTO,3
29. SANTO,3
29. SANTO,10
29. SANTO,3
29. SANTO,2
29. SANTO,4
29. SANTO,9
29. SANTO,8
29. SANTO,4
29. SANTO,3
29. SANTO,0
29. SANTO,2
29. SANTO,5
29. SANTO,2
29. SANTO,5
29. SANTO,6
29. SANTO,3
29. SANTO,1
29. SANTO,0
29. SANTO,2
29. SANTO,2
29. SANTO,2
29. SANTO,3
29. SANTO,3
29. SANTO,6
29. SANTO,14
29. SANTO,6
29. SANTO,4
29. SANTO,6
29. SANTO,10
29. SANTO,10
29. SANTO,5
29. SANTO,7
29. SANTO,4
29. SANTO,4
29. SANTO,0
29. SANTO,5
29. SANTO,11
29. SANTO,2
29. SANTO,5
29. SANTO,5
29. SANTO,0
29. SANTO,4
29. SANTO,3
29. SANTO,6
29. SANTO,7
29. SANTO,7
29. SANTO,7
29. SANTO,5
29. SANTO,5
29. SANTO,7
29. SANTO,7
29. SANTO,7
29. SANTO,4
29. SANTO,5
29. SANTO,5
29. SANTO,5
29. SANTO,3
29. SANTO,9
29. SANTO,2
29. SANTO,3
29. SANTO,4
29. SANTO,4
29. SANTO,5
29. SANTO,4
29. SANTO,7
29. SANTO,6
29. SANTO,3
29. SANTO,3
29. SANTO,5
29. SANTO,4
29. SANTO,4
29. SANTO,6
29. SANTO,10
29. SANTO,6
29. SANTO,0
29. SANTO,0
29. SANTO,4
29. SANTO,5
29. SANTO,0
29. SANTO,2
29. SANTO,2
29. SANTO,2
29. SANTO,3
29. SANTO,6
29. SANTO,6
29. SANTO,0
29. SANTO,8
29. SANTO,8
29. SANTO,3
29. SANTO,3
29. SANTO,2
29. SANTO,3
29. SANTO,4
29. SANTO,5
29. SANTO,0
29. SANTO,2
29. SANTO,1
29. SANTO,3
29. SANTO,4
29. SANTO,7
29. SANTO,8
29. SANTO,7
29. SANTO,4
29. SANTO,7
29. SANTO,2
29. SANTO,100
29. SANTO,2
29. SANTO,5
29. SANTO,4
29. SANTO,1
29. SANTO,7
29. SANTO,0
29. SANTO,10
29. SANTO,10
29. SANTO,2
29. SANTO,5
29. SANTO,4
29. SANTO,3
29. SANTO,3
29. SANTO,5
29. SANTO,7
29. SANTO,7
29. SANTO,3
29. SANTO,7
29. SANTO,4
29. SANTO,10
29. SANTO,10
29. SANTO,5
29. SANTO,3
29. SANTO,6
29. SANTO,300
29. SANTO,21
29. SANTO,6
29. SANTO,3
29. SANTO,8
29. SANTO,5
29. SANTO,0
29. SANTO,2
29. SANTO,0
29. SANTO,5
29. SANTO,9
29. SANTO,3
29. SANTO,3
29. SANTO,9
29. SANTO,1
29. SANTO,1
29. SANTO,1
29. SANTO,5
29. SANTO,8
29. SANTO,3
29. SANTO,1
29. SANTO,80
29. SANTO,3
29. SANTO,4
29. SANTO,7
29. SANTO,6
29. SANTO,3
29. SANTO,2
29. SANTO,7
29. SANTO,3
29. SANTO,6
29. SANTO,8
29. SANTO,4
29. SANTO,6
29. SANTO,16
29. SANTO,10
29. SANTO,2
29. SANTO,5
29. SANTO,1
29. SANTO,3
29. SANTO,1
29. SANTO,4
29. SANTO,3
29. SANTO,16
29. SANTO,3
29. SANTO,16
29. SANTO,4
29. SANTO,2
29. SANTO,9
29. SANTO,15
29. SANTO,4
29. SANTO,3
29. SANTO,3
29. SANTO,10
29. SANTO,4
29. SANTO,3
29. SANTO,17
29. SANTO,5
29. SANTO,2
29. SANTO,5
29. SANTO,0
29. SANTO,5
29. SANTO,18
29. SANTO,3
29. SANTO,3
29. SANTO,1
29. SANTO,1
29. SANTO,6
29. SANTO,1
29. SANTO,0
29. SANTO,10
29. SANTO,2
29. SANTO,3
29. SANTO,10
29. SANTO,10
29. SANTO,10
29. SANTO,20
29. SANTO,5
29. SANTO,4
29. SANTO,6
29. SANTO,5
29. SANTO,3
29. SANTO,2
29. SANTO,4
29. SANTO,5
29. SANTO,4
29. SANTO,4
29. SANTO,4
31. TUTUBA,2
31. TUTUBA,1
31. TUTUBA,2
34. AMBAE,0
34. AMBAE,7
34. AMBAE,30
35. MAEWO,6
35. MAEWO,20
36. PENTECOST,14
36. PENTECOST,1
36. PENTECOST,2
36. PENTECOST,3
36. PENTECOST,7
36. PENTECOST,1
36. PENTECOST,28
36. PENTECOST,4
36. PENTECOST,0
36. PENTECOST,4
36. PENTECOST,0
36. PENTECOST,12
36. PENTECOST,1
36. PENTECOST,7
36. PENTECOST,0
36. PENTECOST,0
36. PENTECOST,28
36. PENTECOST,1
37. AKHAMB,4
38. AMBRYM,9
38. AMBRYM,3
38. AMBRYM,4
38. AMBRYM,4
38. AMBRYM,4
38. AMBRYM,7
38. AMBRYM,3
38. AMBRYM,5
38. AMBRYM,5
38. AMBRYM,8
38. AMBRYM,3
38. AMBRYM,0
38. AMBRYM,3
38. AMBRYM,4
38. AMBRYM,7
38. AMBRYM,5
38. AMBRYM,5
38. AMBRYM,1
38. AMBRYM,1
38. AMBRYM,3
38. AMBRYM,2
38. AMBRYM,5
38. AMBRYM,3
38. AMBRYM,5
38. AMBRYM,0
38. AMBRYM,3
40. ATCHIN,7
40. ATCHIN,90
40. ATCHIN,14
40. ATCHIN,7
40. ATCHIN,7
40. ATCHIN,7
40. ATCHIN,2
40. ATCHIN,2
40. ATCHIN,7
40. ATCHIN,7
45. MALEKULA,6
45. MALEKULA,3
45. MALEKULA,365
45. MALEKULA,3
45. MALEKULA,1
45. MALEKULA,5
45. MALEKULA,4
45. MALEKULA,3
45. MALEKULA,0
45. MALEKULA,1
45. MALEKULA,3
45. MALEKULA,3
45. MALEKULA,0
45. MALEKULA,0
45. MALEKULA,12
45. MALEKULA,5
45. MALEKULA,4
45. MALEKULA,3
45. MALEKULA,3
45. MALEKULA,0
45. MALEKULA,1
45. MALEKULA,2
45. MALEKULA,8
45. MALEKULA,10
45. MALEKULA,3
45. MALEKULA,15
45. MALEKULA,4
45. MALEKULA,3
45. MALEKULA,14
45. MALEKULA,14
45. MALEKULA,90
45. MALEKULA,3
45. MALEKULA,3
45. MALEKULA,2
45. MALEKULA,0
45. MALEKULA,1
45. MALEKULA,3
45. MALEKULA,7
45. MALEKULA,0
45. MALEKULA,8
45. MALEKULA,2
45. MALEKULA,3
45. MALEKULA,4
45. MALEKULA,365
45. MALEKULA,3
45. MALEKULA,7
45. MALEKULA,14
45. MALEKULA,90
45. MALEKULA,4
45. MALEKULA,3
45. MALEKULA,0
45. MALEKULA,3
45. MALEKULA,0
45. MALEKULA,6
45. MALEKULA,5
45. MALEKULA,3
45. MALEKULA,3
45. MALEKULA,0
45. MALEKULA,0
45. MALEKULA,7
45. MALEKULA,14
45. MALEKULA,14
45. MALEKULA,3
46. MASKELYNES,15
48. NORSUP,5
54. URI,2
54. URI,2
55. URIPIV,0
55. URIPIV,0
56. VAO,3
56. VAO,10
59. EFATE,7
60. EMAE,24
60. EMAE,6
62. EPI,4
62. EPI,2
62. EPI,2
62. EPI,2
62. EPI,7
62. EPI,2
62. EPI,2
68. LELEPA,0
68. LELEPA,0
68. LELEPA,0
68. LELEPA,0
68. LELEPA,0
68. LELEPA,0
68. LELEPA,0
68. LELEPA,0
68. LELEPA,0
68. LELEPA,0
68. LELEPA,0
68. LELEPA,0
68. LELEPA,0
68. LELEPA,0
68. LELEPA,0
68. LELEPA,0
68. LELEPA,0
68. LELEPA,0
68. LELEPA,0
68. LELEPA,0
68. LELEPA,0
68. LELEPA,0
68. LELEPA,0
68. LELEPA,0
68. LELEPA,0
68. LELEPA,2
68. LELEPA,0
68. LELEPA,0
68. LELEPA,0
68. LELEPA,0
68. LELEPA,0
68. LELEPA,0
68. LELEPA,0
68. LELEPA,0
68. LELEPA,0
68. LELEPA,0
68. LELEPA,0
68. LELEPA,0
68. LELEPA,0
68. LELEPA,0
68. LELEPA,0
68. LELEPA,0
68. LELEPA,0
68. LELEPA,0
68. LELEPA,0
68. LELEPA,0
68. LELEPA,12
68. LELEPA,0
68. LELEPA,0
68. LELEPA,0
68. LELEPA,2
68. LELEPA,0
68. LELEPA,0
68. LELEPA,0
68. LELEPA,0
68. LELEPA,0
68. LELEPA,0
68. LELEPA,0
68. LELEPA,0
68. LELEPA,0
71. MOSO,5
71. MOSO,2
71. MOSO,0
71. MOSO,4
71. MOSO,4
71. MOSO,8
71. MOSO,8
71. MOSO,7
71. MOSO,6
71. MOSO,7
71. MOSO,4
71. MOSO,3
71. MOSO,8
71. MOSO,8
71. MOSO,8
71. MOSO,8
71. MOSO,0
71. MOSO,0
71. MOSO,0
71. MOSO,7
71. MOSO,7
71. MOSO,5
71. MOSO,4
71. MOSO,9
71. MOSO,10
71. MOSO,9
71. MOSO,5
71. MOSO,0
71. MOSO,0
71. MOSO,0
71. MOSO,7
71. MOSO,0
71. MOSO,2
71. MOSO,0
71. MOSO,10
71. MOSO,9
71. MOSO,7
71. MOSO,4
71. MOSO,5
71. MOSO,0
71. MOSO,0
71. MOSO,7
71. MOSO,0
71. MOSO,10
71. MOSO,8
71. MOSO,8
71. MOSO,0
71. MOSO,0
71. MOSO,0
71. MOSO,0
71. MOSO,3
71. MOSO,0
71. MOSO,10
71. MOSO,9
71. MOSO,8
71. MOSO,8
71. MOSO,3
71. MOSO,2
72. NGUNA,0
72. NGUNA,0
72. NGUNA,0
72. NGUNA,0
72. NGUNA,0
72. NGUNA,0
72. NGUNA,0
72. NGUNA,0
72. NGUNA,5
72. NGUNA,2
72. NGUNA,1
72. NGUNA,2
72. NGUNA,1
72. NGUNA,0
72. NGUNA,0
72. NGUNA,0
72. NGUNA,0
72. NGUNA,0
72. NGUNA,0
72. NGUNA,0
72. NGUNA,5
72. NGUNA,2
72. NGUNA,2
72. NGUNA,1
72. NGUNA,2
72. NGUNA,2
72. NGUNA,0
72. NGUNA,0
72. NGUNA,0
72. NGUNA,0
72. NGUNA,0
72. NGUNA,0
72. NGUNA,1
72. NGUNA,5
72. NGUNA,5
72. NGUNA,1
72. NGUNA,1
72. NGUNA,2
72. NGUNA,3
72. NGUNA,3
72. NGUNA,0
73. PELE,0
73. PELE,0
73. PELE,3
73. PELE,0
73. PELE,0
73. PELE,0
73. PELE,1
73. PELE,3
73. PELE,2
73. PELE,2
73. PELE,2
73. PELE,2
73. PELE,0
73. PELE,3
73. PELE,0
73. PELE,0
73. PELE,0
73. PELE,0
73. PELE,1
73. PELE,1
73. PELE,0
73. PELE,0
73. PELE,0
73. PELE,0
73. PELE,0
73. PELE,0
73. PELE,1
73. PELE,0
73. PELE,1
73. PELE,0
73. PELE,2
73. PELE,0
73. PELE,0
73. PELE,0
73. PELE,1
73. PELE,0
73. PELE,0
73. PELE,0
73. PELE,0
73. PELE,0
73. PELE,0
73. PELE,0
73. PELE,0
73. PELE,3
73. PELE,0
73. PELE,2
73. PELE,0
73. PELE,0
73. PELE,0
73. PELE,1
73. PELE,1
73. PELE,0
73. PELE,0
73. PELE,1
73. PELE,0
73. PELE,0
73. PELE,0
73. PELE,0
73. PELE,2
73. PELE,3
73. PELE,0
73. PELE,1
73. PELE,1
73. PELE,0
73. PELE,2
73. PELE,0
73. PELE,0
75. TONGOA,2
75. TONGOA,2
76. ANEITYUM,2
76. ANEITYUM,2
76. ANEITYUM,0
76. ANEITYUM,2
76. ANEITYUM,8
76. ANEITYUM,1
76. ANEITYUM,12
76. ANEITYUM,10
76. ANEITYUM,7
76. ANEITYUM,5
77. ANIWA,2
77. ANIWA,5
78. ERROMANGO,2
78. ERROMANGO,2
78. ERROMANGO,4
78. ERROMANGO,0
80. TANNA,2
80. TANNA,1
80. TANNA,1
80. TANNA,2
80. TANNA,2
80. TANNA,3
80. TANNA,1
80. TANNA,2
80. TANNA,1
80. TANNA,3
80. TANNA,2
80. TANNA,2
80. TANNA,1
80. TANNA,2
80. TANNA,7
80. TANNA,7
80. TANNA,0
80. TANNA,4
80. TANNA,2
80. TANNA,0
80. TANNA,2
80. TANNA,1
80. TANNA,0
80. TANNA,2
80. TANNA,2
80. TANNA,2
80. TANNA,1
80. TANNA,2
80. TANNA,7
80. TANNA,6
80. TANNA,0
80. TANNA,4
80. TANNA,2
80. TANNA,0
80. TANNA,0
80. TANNA,1
80. TANNA,0
80. TANNA,0
80. TANNA,0
80. TANNA,1
80. TANNA,15
80. TANNA,4
80. TANNA,3
80. TANNA,2
80. TANNA,1
80. TANNA,2
80. TANNA,4
80. TANNA,3
80. TANNA,3
80. TANNA,2
80. TANNA,8
80. TANNA,1
80. TANNA,1
80. TANNA,2
80. TANNA,3
80. TANNA,5
80. TANNA,18
80. TANNA,2
80. TANNA,2
80. TANNA,1
80. TANNA,1
80. TANNA,1
80. TANNA,4
80. TANNA,6
80. TANNA,2
80. TANNA,0
80. TANNA,3
80. TANNA,2
80. TANNA,0
80. TANNA,1
80. TANNA,5
80. TANNA,1
80. TANNA,4
80. TANNA,3
80. TANNA,2
80. TANNA,10
80. TANNA,3
80. TANNA,7
80. TANNA,2
80. TANNA,3
80. TANNA,3
80. TANNA,2
80. TANNA,10
80. TANNA,4
80. TANNA,9
80. TANNA,3
80. TANNA,2
80. TANNA,3
80. TANNA,3
80. TANNA,2
80. TANNA,1
80. TANNA,9
80. TANNA,7
80. TANNA,0
80. TANNA,5
80. TANNA,3
80. TANNA,10
80. TANNA,4
80. TANNA,2
80. TANNA,2
80. TANNA,2
80. TANNA,4
80. TANNA,3
80. TANNA,18
80. TANNA,1
80. TANNA,6
80. TANNA,3
80. TANNA,10
80. TANNA,10
80. TANNA,7
80. TANNA,1
80. TANNA,1
80. TANNA,0
80. TANNA,0
80. TANNA,1
80. TANNA,300
80. TANNA,300
80. TANNA,2
80. TANNA,6
80. TANNA,4
80. TANNA,3
80. TANNA,3
80. TANNA,3
80. TANNA,2
80. TANNA,3
80. TANNA,1
80. TANNA,3
80. TANNA,7
80. TANNA,2
80. TANNA,4
80. TANNA,7
80. TANNA,4
80. TANNA,1
80. TANNA,3
80. TANNA,3
80. TANNA,0
80. TANNA,2
80. TANNA,1
80. TANNA,6
80. TANNA,1
80. TANNA,2
80. TANNA,2
80. TANNA,5
80. TANNA,1
80. TANNA,2
80. TANNA,2
80. TANNA,1
80. TANNA,2
80. TANNA,7
80. TANNA,4
80. TANNA,2
80. TANNA,1
80. TANNA,3
80. TANNA,1
80. TANNA,5
80. TANNA,7
80. TANNA,0
80. TANNA,0
80. TANNA,7
80. TANNA,2
80. TANNA,2
80. TANNA,2
80. TANNA,2
80. TANNA,1
80. TANNA,2
80. TANNA,3
80. TANNA,2
80. TANNA,0
80. TANNA,0
80. TANNA,1
80. TANNA,1
80. TANNA,2
80. TANNA,3
80. TANNA,1
80. TANNA,2
80. TANNA,2
80. TANNA,2
80. TANNA,7
80. TANNA,2
80. TANNA,20
80. TANNA,0
80. TANNA,4
80. TANNA,2
80. TANNA,2
80. TANNA,2
80. TANNA,0
80. TANNA,4
80. TANNA,3
80. TANNA,2
80. TANNA,0
80. TANNA,3
80. TANNA,0
80. TANNA,0
80. TANNA,1
80. TANNA,0
80. TANNA,6
80. TANNA,2
80. TANNA,4
80. TANNA,5
80. TANNA,0
80. TANNA,0
80. TANNA,4
80. TANNA,3
80. TANNA,2
80. TANNA,2
80. TANNA,1
80. TANNA,2
80. TANNA,2
80. TANNA,2
80. TANNA,5
80. TANNA,5
80. TANNA,3
80. TANNA,3
80. TANNA,1
80. TANNA,1
80. TANNA,1
80. TANNA,1
80. TANNA,180
80. TANNA,2
80. TANNA,2
80. TANNA,6
80. TANNA,2
80. TANNA,2
80. TANNA,2
80. TANNA,0
80. TANNA,5
80. TANNA,2
80. TANNA,3
80. TANNA,0
80. TANNA,4
80. TANNA,2
80. TANNA,4
80. TANNA,3
80. TANNA,3
80. TANNA,4
80. TANNA,3
80. TANNA,5
80. TANNA,12
80. TANNA,5
80. TANNA,1
80. TANNA,2
80. TANNA,2
80. TANNA,9
80. TANNA,3
80. TANNA,2
80. TANNA,1
80. TANNA,1
80. TANNA,1
80. TANNA,2
80. TANNA,1
80. TANNA,5
80. TANNA,5
80. TANNA,7
80. TANNA,2
80. TANNA,3
80. TANNA,4
80. TANNA,3
80. TANNA,0
80. TANNA,11
80. TANNA,3
80. TANNA,1
80. TANNA,1
80. TANNA,10
80. TANNA,3
80. TANNA,7
80. TANNA,1
80. TANNA,2
80. TANNA,1
80. TANNA,300
80. TANNA,300
80. TANNA,4
80. TANNA,5
80. TANNA,1
80. TANNA,3
80. TANNA,3
80. TANNA,0
80. TANNA,2
80. TANNA,2
80. TANNA,1
80. TANNA,2
80. TANNA,6
80. TANNA,2
80. TANNA,6
80. TANNA,2
80. TANNA,20
80. TANNA,1
80. TANNA,1
80. TANNA,4
80. TANNA,2
80. TANNA,4
80. TANNA,4
80. TANNA,4
80. TANNA,1
80. TANNA,4
80. TANNA,16
80. TANNA,2
80. TANNA,6
80. TANNA,1
80. TANNA,2
80. TANNA,3
80. TANNA,4
80. TANNA,2
80. TANNA,4
80. TANNA,2
80. TANNA,2
80. TANNA,2
80. TANNA,8
80. TANNA,1
80. TANNA,1
80. TANNA,0
80. TANNA,8
80. TANNA,3
80. TANNA,5
80. TANNA,1
80. TANNA,2
80. TANNA,1
80. TANNA,2
80. TANNA,2
80. TANNA,2
80. TANNA,2
80. TANNA,2
80. TANNA,3
80. TANNA,270
80. TANNA,0
80. TANNA,2
80. TANNA,2
80. TANNA,2
80. TANNA,3
80. TANNA,2
80. TANNA,2
80. TANNA,2
80. TANNA,2
80. TANNA,0
80. TANNA,2
80. TANNA,4
80. TANNA,2
80. TANNA,1
80. TANNA,7
80. TANNA,5
80. TANNA,1
80. TANNA,1
80. TANNA,0
80. TANNA,0
80. TANNA,2
80. TANNA,2
80. TANNA,2
80. TANNA,1
80. TANNA,4
80. TANNA,3
80. TANNA,3
80. TANNA,2
80. TANNA,1
80. TANNA,4
80. TANNA,4
80. TANNA,3
80. TANNA,2
80. TANNA,1
80. TANNA,4
80. TANNA,2
80. TANNA,5
80. TANNA,2
80. TANNA,3
80. TANNA,1
80. TANNA,7
80. TANNA,0
80. TANNA,0
80. TANNA,0
80. TANNA,0
80. TANNA,2
80. TANNA,2
80. TANNA,6
80. TANNA,4
80. TANNA,2
80. TANNA,4
80. TANNA,1
80. TANNA,4
80. TANNA,2
80. TANNA,2
80. TANNA,0
80. TANNA,1
80. TANNA,0
80. TANNA,2
80. TANNA,1
80. TANNA,3
80. TANNA,3
80. TANNA,1
80. TANNA,0
80. TANNA,2
80. TANNA,4
80. TANNA,8
80. TANNA,5
80. TANNA,15
80. TANNA,6
80. TANNA,3
80. TANNA,2
80. TANNA,2
80. TANNA,3
80. TANNA,3
80. TANNA,3
80. TANNA,2
80. TANNA,2
80. TANNA,3
80. TANNA,1
80. TANNA,5
80. TANNA,4
80. TANNA,4
80. TANNA,1
80. TANNA,1
80. TANNA,6
80. TANNA,150
80. TANNA,0
80. TANNA,28
80. TANNA,2
80. TANNA,2
80. TANNA,0
80. TANNA,1
80. TANNA,1
80. TANNA,3
80. TANNA,2
80. TANNA,2
80. TANNA,2
80. TANNA,1
80. TANNA,2
80. TANNA,3
80. TANNA,2
80. TANNA,0
80. TANNA,1
80. TANNA,1
80. TANNA,4
80. TANNA,2
80. TANNA,2
80. TANNA,335
80. TANNA,2
80. TANNA,2
80. TANNA,3
80. TANNA,1
80. TANNA,30
80. TANNA,2
80. TANNA,3
80. TANNA,9
80. TANNA,2
80. TANNA,1
80. TANNA,1
80. TANNA,1
80. TANNA,0
80. TANNA,5
80. TANNA,4
80. TANNA,3
80. TANNA,3
80. TANNA,0
80. TANNA,11
80. TANNA,3
80. TANNA,1
80. TANNA,4
80. TANNA,3
80. TANNA,10
80. TANNA,3
80. TANNA,2
80. TANNA,4
80. TANNA,300
80. TANNA,1
80. TANNA,2
80. TANNA,6
80. TANNA,7
80. TANNA,2
80. TANNA,3
80. TANNA,3
80. TANNA,2
80. TANNA,2
80. TANNA,2
80. TANNA,300
80. TANNA,2
80. TANNA,2
80. TANNA,6
80. TANNA,3
80. TANNA,1
80. TANNA,20
80. TANNA,2
80. TANNA,4
80. TANNA,2
80. TANNA,2
80. TANNA,3
80. TANNA,7
80. TANNA,1
80. TANNA,6
80. TANNA,1
80. TANNA,1
80. TANNA,3
80. TANNA,2
80. TANNA,0
80. TANNA,4
80. TANNA,2
80. TANNA,3
80. TANNA,2
80. TANNA,3
80. TANNA,2
80. TANNA,2
80. TANNA,8
80. TANNA,2
80. TANNA,1
80. TANNA,1
80. TANNA,3
80. TANNA,2
80. TANNA,0
80. TANNA,1
80. TANNA,1
80. TANNA,4
80. TANNA,4
80. TANNA,3
80. TANNA,2
80. TANNA,0
80. TANNA,8
80. TANNA,3
80. TANNA,2
80. TANNA,0
80. TANNA,3
80. TANNA,1
80. TANNA,8
80. TANNA,2
80. TANNA,7
80. TANNA,7
80. TANNA,1
80. TANNA,3
80. TANNA,3
80. TANNA,300
80. TANNA,2
80. TANNA,1
80. TANNA,1
80. TANNA,1
80. TANNA,6
80. TANNA,10
80. TANNA,5
80. TANNA,2
80. TANNA,4
80. TANNA,1
80. TANNA,3
80. TANNA,2
80. TANNA,2
80. TANNA,2
80. TANNA,3
80. TANNA,0
80. TANNA,1
80. TANNA,1
80. TANNA,1
80. TANNA,3
80. TANNA,4
80. TANNA,1
80. TANNA,2
80. TANNA,2
80. TANNA,3
80. TANNA,3
80. TANNA,2
80. TANNA,5
80. TANNA,2
80. TANNA,1
80. TANNA,6
80. TANNA,2
80. TANNA,4
80. TANNA,3
80. TANNA,1
80. TANNA,7
80. TANNA,3
80. TANNA,2
80. TANNA,1
80. TANNA,1
80. TANNA,6
80. TANNA,6
80. TANNA,1
80. TANNA,3
80. TANNA,0
80. TANNA,0
80. TANNA,4
80. TANNA,1
80. TANNA,2
80. TANNA,1
80. TANNA,2
80. TANNA,1
80. TANNA,2
80. TANNA,2
80. TANNA,1
80. TANNA,3
80. TANNA,4
80. TANNA,0
80. TANNA,2
80. TANNA,2
80. TANNA,3
80. TANNA,3
80. TANNA,3
80. TANNA,5
80. TANNA,6
80. TANNA,6
80. TANNA,2
80. TANNA,3
80. TANNA,2
80. TANNA,1
80. TANNA,4
80. TANNA,18
80. TANNA,5
80. TANNA,0
80. TANNA,1
80. TANNA,1
80. TANNA,6
80. TANNA,2
80. TANNA,1
80. TANNA,1
80. TANNA,1
80. TANNA,2
80. TANNA,2
80. TANNA,6
80. TANNA,7
80. TANNA,5
80. TANNA,5
80. TANNA,2
80. TANNA,3
80. TANNA,2
80. TANNA,3
80. TANNA,4
80. TANNA,3
80. TANNA,0
80. TANNA,3
80. TANNA,0
80. TANNA,2
80. TANNA,3
80. TANNA,5
80. TANNA,2
80. TANNA,2
80. TANNA,3
80. TANNA,4
80. TANNA,3
80. TANNA,2
80. TANNA,9
80. TANNA,1
80. TANNA,1
80. TANNA,4
80. TANNA,2
80. TANNA,7
80. TANNA,8
80. TANNA,10
80. TANNA,210
80. TANNA,4
80. TANNA,1
80. TANNA,2
80. TANNA,2
80. TANNA,0
80. TANNA,3
80. TANNA,0
80. TANNA,2
80. TANNA,2
80. TANNA,0
80. TANNA,6
80. TANNA,2
80. TANNA,2
80. TANNA,1
80. TANNA,1
80. TANNA,1
80. TANNA,1
80. TANNA,2
80. TANNA,7
80. TANNA,7
80. TANNA,1
80. TANNA,2
80. TANNA,3
80. TANNA,3
80. TANNA,1
80. TANNA,1
80. TANNA,1
80. TANNA,3
80. TANNA,7
80. TANNA,1
80. TANNA,2
80. TANNA,2
80. TANNA,2
80. TANNA,1
80. TANNA,2
80. TANNA,2
80. TANNA,0
80. TANNA,2
80. TANNA,8
80. TANNA,1
80. TANNA,2
80. TANNA,3
80. TANNA,4
80. TANNA,4
80. TANNA,8
80. TANNA,1
80. TANNA,2
80. TANNA,2
80. TANNA,3
80. TANNA,10
80. TANNA,4
80. TANNA,4
80. TANNA,3
80. TANNA,2
80. TANNA,4
80. TANNA,1
80. TANNA,1
80. TANNA,1
80. TANNA,2
80. TANNA,2
80. TANNA,0
80. TANNA,7
80. TANNA,2
80. TANNA,7
80. TANNA,3
80. TANNA,2
80. TANNA,2
80. TANNA,3
80. TANNA,3
80. TANNA,1
80. TANNA,90
80. TANNA,1
80. TANNA,1
80. TANNA,6
80. TANNA,7
80. TANNA,1
80. TANNA,1
80. TANNA,2
82. IRIRIKI,4
82. IRIRIKI,4
82. IRIRIKI,9
82. IRIRIKI,9
82. IRIRIKI,4
82. IRIRIKI,4
82. IRIRIKI,4
82. IRIRIKI,4
82. IRIRIKI,9
82. IRIRIKI,4
82. IRIRIKI,4
82. IRIRIKI,4